timestamp,gesture,thumb,index,middle,ring
1791526081.219,UNKNOWN,165,225,208,160
1791526081.22,UNKNOWN,160,222,211,155
1791526081.22,UNKNOWN,145,211,211,132
1791526081.22,UNKNOWN,205,118,224,149
1791526081.221,UNKNOWN,167,194,246,128
1791526081.221,UNKNOWN,379,210,236,173
1791526081.221,UNKNOWN,399,216,239,187
1791526081.222,UNKNOWN,299,233,240,189
1791526081.222,UNKNOWN,346,222,240,205
1791526081.222,UNKNOWN,330,225,243,218
1791526081.222,UNKNOWN,272,222,242,230
1791526081.223,UNKNOWN,297,237,245,208
1791526081.223,UNKNOWN,296,230,246,208
1791526081.223,UNKNOWN,299,208,250,208
1791526081.224,UNKNOWN,281,231,247,208
1791526081.224,UNKNOWN,245,237,247,215
1791526081.224,UNKNOWN,245,224,242,208
1791526081.225,UNKNOWN,246,224,246,214
1791526081.225,UNKNOWN,247,237,249,210
1791526081.225,UNKNOWN,247,234,240,223
1791526081.225,UNKNOWN,244,239,247,214
1791526081.226,UNKNOWN,246,243,254,240
1791526081.226,UNKNOWN,183,226,247,214
1791526081.226,UNKNOWN,192,234,240,209
1791526081.226,UNKNOWN,183,239,250,194
1791526081.227,UNKNOWN,190,199,253,224
1791526081.227,UNKNOWN,160,221,244,208
1791526081.227,UNKNOWN,161,234,256,170
1791526081.227,UNKNOWN,166,229,249,198
1791526081.227,UNKNOWN,171,231,249,198
1791526081.228,UNKNOWN,176,227,254,205
1791526081.228,UNKNOWN,178,235,247,202
1791526081.228,UNKNOWN,176,226,249,227
1791526081.228,UNKNOWN,176,240,246,212
1791526081.228,UNKNOWN,172,208,245,218
1791526081.228,UNKNOWN,177,240,250,194
1791526081.229,UNKNOWN,181,231,210,212
1791526081.229,UNKNOWN,208,231,254,170
1791526081.229,UNKNOWN,174,232,266,183
1791526081.229,UNKNOWN,190,233,269,170
1791526081.229,UNKNOWN,200,196,259,183
1791526081.229,UNKNOWN,501,252,272,165
1791526081.23,UNKNOWN,571,240,272,169
1791526081.23,UNKNOWN,480,240,302,176
1791526081.23,UNKNOWN,147,239,304,176
1791526081.23,UNKNOWN,144,247,304,176
1791526081.23,UNKNOWN,253,261,304,176
1791526081.23,UNKNOWN,262,238,298,177
1791526081.23,UNKNOWN,267,227,304,180
1791526081.231,UNKNOWN,278,240,305,183
1791526081.231,UNKNOWN,272,228,304,170
1791526081.231,UNKNOWN,303,240,310,169
1791526081.231,UNKNOWN,311,243,299,189
1791526081.231,UNKNOWN,319,250,303,171
1791526081.231,UNKNOWN,318,238,311,178
1791526081.231,UNKNOWN,326,251,313,178
1791526081.232,UNKNOWN,347,246,310,179
1791526081.232,UNKNOWN,352,251,314,178
1791526081.232,UNKNOWN,350,261,305,181
1791526081.232,UNKNOWN,359,250,312,185
1791526081.232,UNKNOWN,358,250,314,192
1791526081.232,UNKNOWN,363,240,315,187
1791526081.233,UNKNOWN,353,251,313,185
1791526081.233,UNKNOWN,354,254,317,181
1791526081.233,UNKNOWN,361,256,315,181
1791526081.233,UNKNOWN,364,256,314,195
1791526081.234,UNKNOWN,363,253,311,177
1791526081.234,UNKNOWN,374,230,314,187
1791526081.234,UNKNOWN,365,252,317,192
1791526081.234,UNKNOWN,371,256,320,188
1791526081.234,UNKNOWN,375,253,316,187
1791526081.234,UNKNOWN,178,275,314,187
1791526081.235,UNKNOWN,535,253,315,194
1791526081.235,UNKNOWN,394,241,310,194
1791526082.214,UNKNOWN,262,256,320,182
1791526084.214,UNKNOWN,349,255,320,182
1791526086.214,UNKNOWN,384,231,323,183
1791526088.214,UNKNOWN,387,271,327,187
1791526090.214,UNKNOWN,414,257,323,208
1791526143.229,HELP,438,256,323,187
1791526143.229,HELP,458,242,322,188
1791526143.229,HELP,461,247,326,189
1791526143.23,HELP,187,219,290,187
1791526143.23,HELP,198,256,294,191
1791526143.23,HELP,177,237,274,158
1791526143.23,HELP,171,238,273,177
1791526143.231,HELP,157,236,269,161
1791526143.231,HELP,166,251,267,171
1791526143.231,HELP,181,240,243,159
1791526143.232,HELP,174,238,201,163
1791526143.232,HELP,80,230,210,158
1791526143.232,HELP,91,234,205,164
1791526143.232,HELP,0,152,104,121
1791526143.233,HELP,12,167,112,134
1791526143.233,HELP,0,170,114,128
1791526143.233,HELP,445,161,112,121
1791526143.234,HELP,386,176,113,128
1791526143.234,HELP,381,186,125,128
1791526143.234,HELP,298,169,119,128
1791526143.234,HELP,13,170,117,128
1791526143.235,HELP,17,174,601,119
1791526143.235,HELP,17,174,479,123
1791526143.235,HELP,14,176,125,126
1791526143.236,HELP,172,176,149,128
1791526143.236,HELP,274,227,144,118
1791526144.214,HELP,233,192,165,132
1791526146.214,HELP,222,202,169,126
1791526148.214,HELP,299,158,161,128
1791526150.214,HELP,289,144,158,121
1791526152.214,HELP,298,156,164,128
1791526154.214,HELP,302,176,186,130
1791526400.032,THANK YOU,283,183,175,131
1791526400.032,THANK YOU,379,206,197,128
1791526400.033,THANK YOU,334,208,197,135
1791526400.033,THANK YOU,272,209,193,144
1791526400.033,THANK YOU,134,213,188,133
1791526400.034,THANK YOU,138,213,191,135
1791526400.034,THANK YOU,143,210,192,130
1791526400.034,THANK YOU,139,210,192,139
1791526400.034,THANK YOU,158,206,194,139
1791526400.035,THANK YOU,160,227,196,111
1791526400.035,THANK YOU,158,213,195,138
1791526400.035,THANK YOU,156,223,195,137
1791526400.036,THANK YOU,152,214,199,146
1791526400.036,THANK YOU,159,212,197,144
1791526400.036,THANK YOU,102,193,139,113
1791526400.036,THANK YOU,157,202,179,111
1791526400.037,THANK YOU,285,208,194,116
1791526400.037,THANK YOU,240,189,169,123
1791526400.037,THANK YOU,241,195,177,125
1791526400.038,THANK YOU,256,209,176,129
1791526400.038,THANK YOU,307,211,186,116
1791526400.038,THANK YOU,281,217,192,112
1791526400.039,THANK YOU,284,217,193,128
1791526400.039,THANK YOU,298,211,191,114
1791526400.039,THANK YOU,289,218,195,130
1791526400.04,THANK YOU,304,218,195,131
1791526400.04,THANK YOU,295,221,197,133
1791526400.04,THANK YOU,305,208,200,133
1791526400.04,THANK YOU,281,214,208,131
1791526400.041,THANK YOU,240,217,207,143
1791526400.041,THANK YOU,240,221,208,139
1791526400.041,THANK YOU,240,189,210,135
1791526400.042,THANK YOU,247,224,208,154
1791526400.042,THANK YOU,286,221,204,142
1791526400.042,THANK YOU,278,206,199,132
1791526400.043,THANK YOU,279,208,203,135
1791526400.043,THANK YOU,282,221,207,132
1791526400.043,THANK YOU,272,243,190,135
1791526400.044,THANK YOU,274,208,203,117
1791526400.044,THANK YOU,291,210,203,135
1791526400.044,THANK YOU,282,244,208,144
1791526400.044,THANK YOU,277,216,205,134
1791526400.045,THANK YOU,277,220,203,158
1791526400.045,THANK YOU,275,228,205,150
1791526400.045,THANK YOU,273,219,202,151
1791526400.045,THANK YOU,358,224,207,144
1791526400.045,THANK YOU,336,226,208,144
1791526400.046,THANK YOU,327,214,208,149
1791526400.046,THANK YOU,323,222,211,160
1791526400.046,THANK YOU,329,224,214,144
1791526400.046,THANK YOU,329,229,214,148
1791526400.046,THANK YOU,329,218,212,149
1791526400.047,THANK YOU,314,229,215,128
1791526400.047,THANK YOU,261,221,213,142
1791526400.047,THANK YOU,243,239,217,139
1791526400.048,THANK YOU,435,239,255,136
1791526400.048,THANK YOU,416,235,258,181
1791526400.048,THANK YOU,418,253,262,186
1791526400.049,THANK YOU,419,240,263,185
1791526400.049,THANK YOU,417,238,258,195
1791526400.049,THANK YOU,415,272,257,201
1791526400.049,THANK YOU,435,245,261,194
1791526400.049,THANK YOU,430,243,269,196
1791526400.049,THANK YOU,415,232,261,213
1791526400.05,THANK YOU,412,246,263,222
1791526400.05,THANK YOU,418,244,256,195
1791526400.05,THANK YOU,406,242,263,172
1791526400.05,THANK YOU,415,241,261,192
1791526400.05,THANK YOU,412,213,259,208
1791526400.05,THANK YOU,429,247,255,208
1791526400.05,THANK YOU,410,234,251,208
1791526400.051,THANK YOU,372,253,249,213
1791526400.051,THANK YOU,381,244,245,182
1791526400.051,THANK YOU,359,247,247,226
1791526400.051,THANK YOU,385,225,251,214
1791526400.051,THANK YOU,385,231,247,217
1791526400.051,THANK YOU,496,239,262,200
1791526400.051,THANK YOU,422,243,263,213
1791526400.052,THANK YOU,446,229,272,208
1791526400.052,THANK YOU,460,253,270,221
1791526400.052,THANK YOU,434,243,272,208
1791526400.052,THANK YOU,438,291,272,208
1791526400.052,THANK YOU,432,260,272,206
1791526400.052,THANK YOU,438,242,272,211
1791526400.052,THANK YOU,437,242,272,209
1791526400.053,THANK YOU,436,250,271,207
1791526400.053,THANK YOU,434,247,272,208
1791526400.053,THANK YOU,432,242,271,215
1791526400.053,THANK YOU,430,246,272,199
1791526400.053,THANK YOU,428,223,267,208
1791526400.053,THANK YOU,426,256,266,212
1791526400.054,THANK YOU,420,250,261,208
1791526400.054,THANK YOU,421,250,266,214
1791526400.054,THANK YOU,433,247,262,215
1791526400.054,THANK YOU,432,247,267,207
1791526400.054,THANK YOU,431,248,263,210
1791526400.054,THANK YOU,432,239,268,208
1791526400.055,THANK YOU,320,238,270,213
1791526400.055,THANK YOU,524,159,106,128
1791526400.055,THANK YOU,528,257,112,133
1791526400.055,THANK YOU,489,848,809,139
1791526400.055,THANK YOU,478,803,899,136
1791526400.055,THANK YOU,460,798,890,138
1791526400.055,THANK YOU,462,790,884,139
1791526400.056,THANK YOU,448,787,816,141
1791526400.056,THANK YOU,455,791,810,143
1791526400.056,THANK YOU,450,764,786,144
1791526400.056,THANK YOU,457,783,752,143
1791526400.056,THANK YOU,464,769,719,144
1791526400.056,THANK YOU,463,757,687,146
1791526400.056,THANK YOU,465,720,705,144
1791526400.057,THANK YOU,345,141,129,155
1791526400.057,THANK YOU,320,147,137,155
1791526400.057,THANK YOU,355,167,145,144
1791526400.057,THANK YOU,483,118,116,144
1791526400.057,THANK YOU,543,145,144,148
1791526400.057,THANK YOU,495,115,110,149
1791526400.058,THANK YOU,475,112,118,146
1791526400.058,THANK YOU,409,109,101,155
1791526400.058,THANK YOU,421,128,128,149
1791526400.058,THANK YOU,463,337,343,155
1791526400.058,THANK YOU,473,411,663,146
1791526400.215,THANK YOU,477,442,674,149
1791526402.215,THANK YOU,578,554,722,148
1791526404.215,THANK YOU,110,148,151,157
1791526406.215,THANK YOU,162,133,166,178
1791526408.215,THANK YOU,182,496,597,150
1791526410.215,THANK YOU,218,545,608,151
1791526565.468,SORRY,218,491,577,155
1791526565.468,SORRY,223,173,141,148
1791526565.469,SORRY,107,183,157,163
1791526565.469,SORRY,134,180,165,147
1791526565.47,SORRY,100,180,165,153
1791526565.47,SORRY,132,193,166,153
1791526565.47,SORRY,166,192,170,157
1791526565.471,SORRY,127,192,168,144
1791526565.471,SORRY,164,190,168,182
1791526565.472,SORRY,151,192,173,155
1791526565.472,SORRY,164,207,173,155
1791526565.473,SORRY,170,185,169,154
1791526565.473,SORRY,176,234,174,159
1791526565.474,SORRY,193,194,173,156
1791526565.474,SORRY,189,172,171,163
1791526565.474,SORRY,194,178,176,160
1791526565.475,SORRY,191,202,176,164
1791526565.475,SORRY,193,198,176,164
1791526565.475,SORRY,265,144,112,129
1791526565.476,SORRY,273,153,130,143
1791526565.476,SORRY,343,167,139,142
1791526565.477,SORRY,583,171,144,146
1791526565.477,SORRY,474,173,133,149
1791526565.478,SORRY,447,179,157,159
1791526565.479,SORRY,544,197,195,157
1791526565.479,SORRY,592,208,177,144
1791526565.48,SORRY,609,208,181,149
1791526565.48,SORRY,586,151,128,149
1791526565.481,SORRY,602,160,112,176
1791526565.481,SORRY,656,162,128,141
1791526565.481,SORRY,397,181,162,148
1791526565.482,SORRY,499,187,172,157
1791526565.482,SORRY,467,189,169,158
1791526565.482,SORRY,327,146,129,145
1791526565.483,SORRY,306,180,131,154
1791526565.483,SORRY,335,187,139,175
1791526565.484,SORRY,272,208,181,154
1791526565.485,SORRY,240,210,192,142
1791526565.486,SORRY,224,218,208,158
1791526565.487,SORRY,214,217,208,174
1791526565.488,SORRY,192,219,209,163
1791526565.488,SORRY,212,219,207,161
1791526565.488,SORRY,469,162,96,144
1791526565.489,SORRY,528,132,107,151
1791526565.489,SORRY,434,159,111,158
1791526565.49,SORRY,192,187,165,158
1791526565.49,SORRY,208,204,175,166
1791526565.49,SORRY,208,176,176,160
1791526565.491,SORRY,159,208,176,160
1791526565.491,SORRY,167,194,179,160
1791526565.492,SORRY,162,193,177,176
1791526565.492,SORRY,161,206,179,160
1791526565.492,SORRY,162,210,177,163
1791526565.492,SORRY,157,206,186,158
1791526565.493,SORRY,156,208,187,175
1791526565.493,SORRY,158,213,192,171
1791526565.493,SORRY,160,210,192,175
1791526565.493,SORRY,162,208,200,169
1791526565.494,SORRY,163,215,196,175
1791526565.494,SORRY,163,209,199,176
1791526565.494,SORRY,164,209,196,162
1791526565.494,SORRY,146,217,198,178
1791526565.495,SORRY,166,213,202,202
1791526565.495,SORRY,170,211,202,176
1791526565.495,SORRY,210,189,192,171
1791526565.495,SORRY,560,157,101,142
1791526565.495,SORRY,627,142,103,145
1791526565.496,SORRY,576,162,105,155
1791526565.496,SORRY,496,161,111,144
1791526565.496,SORRY,507,162,111,158
1791526565.496,SORRY,589,169,112,156
1791526565.497,SORRY,368,135,105,161
1791526565.497,SORRY,398,164,107,157
1791526565.497,SORRY,327,164,113,163
1791526565.497,SORRY,613,489,482,163
1791526565.498,SORRY,469,162,123,163
1791526565.498,SORRY,449,160,115,164
1791526566.217,SORRY,589,156,118,164
1791526568.216,SORRY,503,172,125,151
1791526570.216,SORRY,485,483,299,171
1791526572.216,SORRY,533,594,347,176
1791526574.216,SORRY,573,589,359,169
1791526576.216,SORRY,358,196,120,167
1791526699.45,SORRY,215,177,141,144
1791526699.45,SORRY,192,182,164,170
1791526699.45,SORRY,208,192,163,170
1791526699.451,SORRY,201,208,153,171
1791526699.451,SORRY,192,195,158,176
1791526699.451,SORRY,192,181,162,166
1791526699.452,SORRY,311,172,110,208
1791526699.452,SORRY,222,174,129,176
1791526699.452,SORRY,196,174,112,178
1791526699.453,SORRY,203,173,113,176
1791526699.453,SORRY,200,176,116,178
1791526699.453,SORRY,192,149,119,150
1791526699.453,SORRY,192,173,119,155
1791526699.454,SORRY,197,170,121,154
1791526699.454,SORRY,200,181,125,154
1791526699.454,SORRY,528,163,111,158
1791526699.455,SORRY,549,164,112,164
1791526699.455,SORRY,557,161,119,158
1791526699.455,SORRY,420,154,120,163
1791526699.455,SORRY,467,174,126,164
1791526699.456,SORRY,341,165,126,164
1791526699.456,SORRY,229,165,122,172
1791526699.456,SORRY,218,170,129,158
1791526699.457,SORRY,211,171,130,166
1791526699.457,SORRY,206,175,137,144
1791526699.457,SORRY,209,176,100,156
1791526699.458,SORRY,202,167,128,161
1791526699.458,SORRY,198,166,133,161
1791526699.458,SORRY,208,174,130,167
1791526699.458,SORRY,209,152,130,150
1791526699.459,SORRY,201,174,133,168
1791526699.459,SORRY,221,173,137,165
1791526699.459,SORRY,160,166,124,135
1791526699.46,SORRY,172,187,130,149
1791526699.46,SORRY,166,175,120,144
1791526699.46,SORRY,162,158,125,134
1791526699.46,SORRY,156,162,134,144
1791526699.461,SORRY,151,171,126,144
1791526699.461,SORRY,165,176,128,150
1791526699.462,SORRY,160,195,139,220
1791526699.462,SORRY,147,174,132,155
1791526699.463,SORRY,157,162,135,157
1791526699.463,SORRY,149,185,141,150
1791526699.463,SORRY,4095,4095,4095,4095
1791526699.464,SORRY,151,178,141,129
1791526699.464,SORRY,146,189,137,182
1791526699.464,SORRY,165,221,240,158
1791526699.465,SORRY,194,152,97,156
1791526699.465,SORRY,171,144,94,161
1791526699.466,SORRY,162,176,112,163
1791526699.466,SORRY,148,168,118,162
1791526699.467,SORRY,150,161,127,150
1791526699.467,SORRY,145,175,116,166
1791526699.467,SORRY,154,181,143,176
1791526699.467,SORRY,154,162,102,169
1791526699.468,SORRY,151,161,117,181
1791526699.468,SORRY,157,167,112,166
1791526699.468,SORRY,139,158,117,172
1791526699.469,SORRY,135,145,126,171
1791526699.469,SORRY,193,176,119,173
1791526699.469,SORRY,183,167,123,171
1791526700.217,SORRY,464,169,121,174
1791526702.217,SORRY,208,166,125,174
1791526704.217,SORRY,157,180,542,176
1791526706.217,SORRY,246,207,542,171
1791526708.217,SORRY,321,144,106,176
1791526710.217,SORRY,200,161,117,186
1791526793.179,HELLO,219,158,117,174
1791526793.18,HELLO,246,161,120,173
1791526793.18,HELLO,258,153,115,173
1791526793.181,HELLO,631,164,123,208
1791526793.181,HELLO,197,169,117,167
1791526793.181,HELLO,179,166,130,167
1791526793.181,HELLO,191,163,119,148
1791526793.182,HELLO,185,162,125,170
1791526793.182,HELLO,177,167,99,163
1791526793.182,HELLO,154,163,121,171
1791526793.182,HELLO,150,160,123,174
1791526793.183,HELLO,154,112,127,169
1791526793.183,HELLO,160,173,122,161
1791526793.183,HELLO,178,167,129,169
1791526793.183,HELLO,221,167,123,167
1791526793.184,HELLO,189,174,128,173
1791526793.184,HELLO,224,191,134,165
1791526793.184,HELLO,207,170,137,173
1791526793.184,HELLO,211,169,132,170
1791526793.185,HELLO,173,191,175,174
1791526793.185,HELLO,181,207,183,167
1791526793.185,HELLO,185,205,186,177
1791526793.185,HELLO,259,225,232,172
1791526793.185,HELLO,239,219,207,175
1791526793.186,HELLO,172,215,194,174
1791526793.186,HELLO,194,223,208,174
1791526793.186,HELLO,0,223,192,176
1791526793.186,HELLO,0,224,163,144
1791526793.186,HELLO,0,230,186,161
1791526793.187,HELLO,0,237,177,163
1791526793.187,HELLO,0,235,209,165
1791526793.187,HELLO,484,244,225,159
1791526793.187,HELLO,197,243,225,159
1791526793.187,HELLO,126,230,217,156
1791526793.188,HELLO,0,238,337,174
1791526793.188,HELLO,10,240,247,159
1791526793.188,HELLO,15,240,221,158
1791526793.188,HELLO,18,244,249,160
1791526793.188,HELLO,16,245,246,164
1791526793.189,HELLO,174,245,244,164
1791526793.189,HELLO,2,240,272,154
1791526794.217,HELLO,3,273,239,156
1791526796.217,HELLO,0,248,240,160
1791526798.217,HELLO,0,240,226,155
1791526800.217,HELLO,195,240,217,158
1791526802.217,HELLO,678,390,139,145
1791526843.468,NO,399,237,178,198
1791526843.468,NO,0,223,195,144
1791526843.469,NO,15,234,166,150
1791526843.469,NO,16,236,226,144
1791526843.469,NO,30,235,208,145
1791526843.469,NO,16,236,207,147
1791526843.47,NO,219,217,138,146
1791526843.47,NO,80,199,170,145
1791526843.47,NO,126,183,103,153
1791526843.47,NO,144,210,141,94
1791526843.471,NO,148,191,144,80
1791526843.471,NO,169,205,158,176
1791526843.471,NO,165,203,162,176
1791526843.471,NO,178,213,174,187
1791526843.472,NO,157,193,179,185
1791526843.472,NO,159,196,177,193
1791526843.472,NO,162,203,179,229
1791526843.472,NO,167,215,182,196
1791526843.472,NO,237,206,181,192
1791526843.473,NO,126,205,180,194
1791526844.218,NO,807,197,178,195
1791526846.218,NO,109,212,438,187
1791526848.218,NO,656,208,180,190
1791526850.217,NO,70,209,209,189
1791526852.218,NO,66,173,243,180
1791526854.217,NO,96,202,325,176
1791526928.069,YES,501,174,288,176
1791526928.069,YES,86,208,225,178
1791526928.07,YES,87,208,227,175
1791526928.07,YES,123,208,230,177
1791526928.07,YES,123,210,237,171
1791526928.07,YES,137,211,237,177
1791526928.071,YES,192,211,239,162
1791526928.071,YES,182,209,279,157
1791526928.071,YES,194,215,239,166
1791526928.071,YES,185,217,112,162
1791526928.072,YES,183,210,240,134
1791526928.072,YES,208,208,241,167
1791526928.072,YES,206,225,240,171
1791526928.072,YES,218,210,241,170
1791526928.072,YES,223,213,241,165
1791526928.073,YES,237,227,242,158
1791526928.073,YES,215,199,131,103
1791526928.073,YES,320,192,129,112
1791526928.073,YES,247,209,142,114
1791526928.074,YES,174,184,120,116
1791526928.074,YES,128,194,131,121
1791526928.074,YES,194,236,143,114
1791526928.074,YES,199,193,137,115
1791526928.074,YES,198,207,144,139
1791526928.075,YES,169,208,159,118
1791526928.075,YES,221,213,145,119
1791526928.075,YES,207,206,144,128
1791526928.075,YES,219,209,144,119
1791526928.076,YES,189,222,144,119
1791526928.076,YES,202,208,144,131
1791526928.076,YES,443,215,187,112
1791526928.076,YES,646,253,240,123
1791526928.076,YES,149,223,229,101
1791526928.077,YES,194,236,241,105
1791526928.077,YES,235,257,227,110
1791526928.077,YES,390,237,243,126
1791526928.218,YES,532,247,248,112
1791526930.218,YES,445,236,259,115
1791526932.218,YES,465,233,267,130
1791526934.218,YES,240,191,210,114
1791526936.218,YES,486,195,234,117
1791526938.218,YES,272,177,234,119
